PUGIEU,01316,"Aucune correspondance avec la base de donnée du gouvernement"
CERIZY,02149,"Aucun Email renseigné pour cet utilisateur"
NEUFLIEUX,02542,"Aucun Email renseigné pour cet utilisateur"
BLIEUX,04030,"Aucun Email renseigné pour cet utilisateur"
"VAL DE CHAVAGNE",04043,"Aucun Email renseigné pour cet utilisateur"
"CHAUDON NORANTE",04055,"Aucun Email renseigné pour cet utilisateur"
LAMBRUISSE,04099,"Aucun Email renseigné pour cet utilisateur"
FREYSSENET,07092,"Aucun Email renseigné pour cet utilisateur"
VIEUX-FUMÉ,14749,"Aucune correspondance avec la base de donnée du gouvernement"
ORADOUR,15145,"Aucune correspondance avec la base de donnée du gouvernement"
CASTIRLA,20083,"Aucune correspondance avec la base de donnée du gouvernement"
SARI-D’ORCINO,20270,"Aucune correspondance avec la base de donnée du gouvernement"
BREUILH,24065,"Aucune correspondance avec la base de donnée du gouvernement"
VIEUX-MAREUIL,24579,"Aucune correspondance avec la base de donnée du gouvernement"
ATHOSE,25028,"Aucune correspondance avec la base de donnée du gouvernement"
BELVOIR,25053,"Aucun Email renseigné pour cet utilisateur"
BONNEVAUX-LE-PRIEURÉ,25076,"Aucune correspondance avec la base de donnée du gouvernement"
BY,25104,"Aucun Email renseigné pour cet utilisateur"
CHARBONNIÈRES-LES-SAPINS,25123,"Aucune correspondance avec la base de donnée du gouvernement"
CHASNANS,25128,"Aucune correspondance avec la base de donnée du gouvernement"
CHAUX-LÈS-PASSAVANT,25141,"Aucun Email renseigné pour cet utilisateur"
CUSANCE,25183,"Aucun Email renseigné pour cet utilisateur"
ÉPENOUSE,25218,"Aucun Email renseigné pour cet utilisateur"
GERMÉFONTAINE,25268,"Aucun Email renseigné pour cet utilisateur"
GONDENANS-MONTBY,25276,"Aucun Email renseigné pour cet utilisateur"
HAUTEPIERRE-LE-CHÂTELET,25302,"Aucune correspondance avec la base de donnée du gouvernement"
HYÈVRE-MAGNY,25312,"Aucun Email renseigné pour cet utilisateur"
HYÈVRE-PAROISSE,25313,"Aucun Email renseigné pour cet utilisateur"
LABERGEMENT-DU-NAVOIS,25319,"Aucune correspondance avec la base de donnée du gouvernement"
LOMONT-SUR-CRÊTE,25341,"Aucun Email renseigné pour cet utilisateur"
LONGECHAUX,25342,"Aucun Email renseigné pour cet utilisateur"
MAGNY-CHÂTELARD,25355,"Aucun Email renseigné pour cet utilisateur"
MONTBÉLIARDOT,25389,"Aucun Email renseigné pour cet utilisateur"
ORSANS,25435,"Aucun Email renseigné pour cet utilisateur"
PASSONFONTAINE,25447,"Aucun Email renseigné pour cet utilisateur"
PONT-LES-MOULINS,25465,"Aucun Email renseigné pour cet utilisateur"
RANTECHAUX,25480,"Aucune correspondance avec la base de donnée du gouvernement"
RILLANS,25492,"Aucun Email renseigné pour cet utilisateur"
ROUTELLE,25509,"Aucune correspondance avec la base de donnée du gouvernement"
SAINT-JUAN,25520,"Aucun Email renseigné pour cet utilisateur"
SANCEY-LE-LONG,25530,"Aucune correspondance avec la base de donnée du gouvernement"
SARAZ,25533,"Aucun Email renseigné pour cet utilisateur"
SILLEY-BLÉFOND,25546,"Aucun Email renseigné pour cet utilisateur"
VAIRE-LE-PETIT,25576,"Aucune correspondance avec la base de donnée du gouvernement"
VANCLANS,25585,"Aucune correspondance avec la base de donnée du gouvernement"
VAUX-LES-PRÉS,25593,"Aucune correspondance avec la base de donnée du gouvernement"
VELLEROT-LÈS-BELVOIR,25595,"Aucun Email renseigné pour cet utilisateur"
BERNIÈRES-SUR-SEINE,27058,"Aucune correspondance avec la base de donnée du gouvernement"
BERTHENONVILLE,27060,"Aucune correspondance avec la base de donnée du gouvernement"
CORNEUIL,27172,"Aucune correspondance avec la base de donnée du gouvernement"
FRANCHEVILLE,27265,"Aucune correspondance avec la base de donnée du gouvernement"
SEREZ,27621,"Aucun Email renseigné pour cet utilisateur"
CHÂTILLON-EN-DUNOIS,28093,"Aucune correspondance avec la base de donnée du gouvernement"
"PLOUNEOUR TREZ",29203,"Aucune correspondance avec la base de donnée du gouvernement"
PIETROSO,2B229,"Aucun Email renseigné pour cet utilisateur"
ROSPIGLIANI,2b263,"Aucune correspondance avec la base de donnée du gouvernement"
POUZE,31437,"Aucun Email renseigné pour cet utilisateur"
BINOS,31590,"Aucun Email renseigné pour cet utilisateur"
COGLÈS,35083,"Aucune correspondance avec la base de donnée du gouvernement"
LOUESTAULT,37135,"Aucune correspondance avec la base de donnée du gouvernement"
BOURRÉ,41023,"Aucune correspondance avec la base de donnée du gouvernement"
ORCHAISE,41169,"Aucune correspondance avec la base de donnée du gouvernement"
SAINT-AIGNAN-DES-GUÉS,45267,"Aucune correspondance avec la base de donnée du gouvernement"
MAS-D'ORCIÈRES,48093,"Aucune correspondance avec la base de donnée du gouvernement"
PRINSUÉJOLS,48120,"Aucune correspondance avec la base de donnée du gouvernement"
"LE BOURG-D'IRÉ",49037,"Aucune correspondance avec la base de donnée du gouvernement"
BOUZILLÉ,49040,"Aucune correspondance avec la base de donnée du gouvernement"
BROC,49052,"Aucune correspondance avec la base de donnée du gouvernement"
"LA CORNUAILLE",49108,"Aucune correspondance avec la base de donnée du gouvernement"
DAUMERAY,49119,"Aucune correspondance avec la base de donnée du gouvernement"
DÉNEZÉ-SOUS-LE-LUDE,49122,"Aucune correspondance avec la base de donnée du gouvernement"
"LA FERRIÈRE-DE-FLÉE",49136,"Aucune correspondance avec la base de donnée du gouvernement"
L'HÔTELLERIE-DE-FLÉE,49158,"Aucune correspondance avec la base de donnée du gouvernement"
MÉON,49202,"Aucune correspondance avec la base de donnée du gouvernement"
NOËLLET,49226,"Aucune correspondance avec la base de donnée du gouvernement"
SAINT-CHRISTOPHE-LA-COUPERIE,49270,"Aucune correspondance avec la base de donnée du gouvernement"
ARGOUGES,50018,"Aucune correspondance avec la base de donnée du gouvernement"
BION,50056,"Aucune correspondance avec la base de donnée du gouvernement"
BIVILLE,50057,"Aucune correspondance avec la base de donnée du gouvernement"
CARNET,50100,"Aucune correspondance avec la base de donnée du gouvernement"
JOBOURG,50257,"Aucune correspondance avec la base de donnée du gouvernement"
OMONVILLE-LA-PETITE,50385,"Aucune correspondance avec la base de donnée du gouvernement"
OMONVILLE-LA-ROGUE,50386,"Aucune correspondance avec la base de donnée du gouvernement"
VAUVILLE,50623,"Aucune correspondance avec la base de donnée du gouvernement"
SAINT-OUEN-DOMPROT,51508,"Aucun Email renseigné pour cet utilisateur"
BOURG-SAINTE-MARIE,52063,"Aucun Email renseigné pour cet utilisateur"
MAIZERAY,55311,"Aucun Email renseigné pour cet utilisateur"
VILLERS-LÈS-MANGIENNES,55563,"Aucun Email renseigné pour cet utilisateur"
WALY,55577,"Aucun Email renseigné pour cet utilisateur"
GERBÉCOURT,57247,"Aucun Email renseigné pour cet utilisateur"
PÉVANGE,57539,"Aucun Email renseigné pour cet utilisateur"
"COUDEKERQUE VILLAGE",59154,"Aucune correspondance avec la base de donnée du gouvernement"
BOCQUENCÉ,61047,"Aucune correspondance avec la base de donnée du gouvernement"
SAINT-DENIS-SUR-HUISNE,61381,"Aucun Email renseigné pour cet utilisateur"
SAINT-QUENTIN-DE-BLAVOU,61450,"Aucun Email renseigné pour cet utilisateur"
ESCOU,64207,"Aucun Email renseigné pour cet utilisateur"
SAUBOLE,64507,"Aucun Email renseigné pour cet utilisateur"
"SAINT DIDIER SOUS RIVERIE",69195,"Aucune correspondance avec la base de donnée du gouvernement"
"SAINT SORLIN",69237,"Aucune correspondance avec la base de donnée du gouvernement"
BOURGUIGNON-LES-MOREY,70089,"Aucun Email renseigné pour cet utilisateur"
LAMBREY,70293,"Aucun Email renseigné pour cet utilisateur"
MIELLIN,70345,"Aucune correspondance avec la base de donnée du gouvernement"
"LA MONTAGNE",70352,"Aucun Email renseigné pour cet utilisateur"
"LA QUARTE",70430,"Aucun Email renseigné pour cet utilisateur"
RECOLOGNE-LES-RAY,70440,"Aucun Email renseigné pour cet utilisateur"
"LA GRANDE-RESIE",70443,"Aucun Email renseigné pour cet utilisateur"
VELLEMOZ,70538,"Aucun Email renseigné pour cet utilisateur"
"CRÉ SUR LOIR",72108,"Aucune correspondance avec la base de donnée du gouvernement"
"PONCÉ SUR LE LOIR",72240,"Aucune correspondance avec la base de donnée du gouvernement"
BRAMANS,73056,"Aucune correspondance avec la base de donnée du gouvernement"
MONTAIMONT,73163,"Aucune correspondance avec la base de donnée du gouvernement"
BLANDY-LES-TOURS,77034,"Aucun Email renseigné pour cet utilisateur"
FLAGY,77184,"Aucun Email renseigné pour cet utilisateur"
BRENON,83022,"Aucun Email renseigné pour cet utilisateur"
GIRMONT,88204,"Aucune correspondance avec la base de donnée du gouvernement"
HARSAULT,88234,"Aucune correspondance avec la base de donnée du gouvernement"
RANCOURT,88370,"Aucun Email renseigné pour cet utilisateur"
RAPEY,88374,"Aucun Email renseigné pour cet utilisateur"
VAUDONCOURT,88496,"Aucun Email renseigné pour cet utilisateur"
ACCOLAY,89001,"Aucune correspondance avec la base de donnée du gouvernement"
CHAMPVALLON,89078,"Aucune correspondance avec la base de donnée du gouvernement"
MOLESMES,89260,"Aucune correspondance avec la base de donnée du gouvernement"
MOUFFY,89270,"Aucun Email renseigné pour cet utilisateur"
VILLIERS-SUR-THOLON,89473,"Aucune correspondance avec la base de donnée du gouvernement"
VOLGRÉ,89484,"Aucune correspondance avec la base de donnée du gouvernement"
